Const,Your Rating,Date Rated,Title,Original Title,URL,Title Type,IMDb Rating,Runtime (mins),Year,Genres,Num Votes,Release Date,Directors
tt0118884,7,2024-05-16,"Contact","Contact",https://www.imdb.com/title/tt0118884,Movie,7.5,150,1997,"Mystery, Thriller, Sci-Fi, Drama",299069,"1997-07-11","Robert Zemeckis"
tt10366206,7,2024-05-16,"John Wick: Chapter 4","John Wick: Chapter 4",https://www.imdb.com/title/tt10366206,Movie,7.6,169,2023,"Action, Crime, Thriller",358274,"2023-03-24","Chad Stahelski"
tt1179933,7,2024-05-16,"10 Cloverfield Lane","10 Cloverfield Lane",https://www.imdb.com/title/tt1179933,Movie,7.2,103,2016,"Drama, Sci-Fi, Thriller, Horror",364834,"2016-03-11","Dan Trachtenberg"
tt4873118,8,2024-05-16,"Guy Ritchie's the Covenant","The Covenant",https://www.imdb.com/title/tt4873118,Movie,7.5,123,2023,"Action, Thriller, War, Drama",179216,"2023-04-21","Guy Ritchie"
tt13097932,8,2024-05-16,"One Life","One Life",https://www.imdb.com/title/tt13097932,Movie,7.5,109,2023,"Drama, Biography, History",29091,"2024-08-05","James Hawes"
tt2576852,10,2024-05-06,"The Tale of The Princess Kaguya","Kaguya-hime no monogatari",https://www.imdb.com/title/tt2576852,Movie,8.0,137,2013,"Animation, Drama, Fantasy, Family, Romance",56488,"2013-11-23","Isao Takahata"
tt15239678,10,2024-03-06,"Dune: Part Two","Dune: Part Two",https://www.imdb.com/title/tt15239678,Movie,8.5,166,2024,"Adventure, Drama, Sci-Fi, Action",552679,"2024-03-01","Denis Villeneuve"
tt0119094,7,2024-01-20,"Face/Off","Face/Off",https://www.imdb.com/title/tt0119094,Movie,7.3,138,1997,"Crime, Thriller, Action, Sci-Fi",409026,"1997-06-27","John Woo"
tt0099487,7,2024-01-20,"Edward Scissorhands","Edward Scissorhands",https://www.imdb.com/title/tt0099487,Movie,7.9,105,1990,"Drama, Romance, Fantasy",538265,"1990-12-14","Tim Burton"
tt0094226,7,2024-01-20,"The Untouchables","The Untouchables",https://www.imdb.com/title/tt0094226,Movie,7.8,119,1987,"Thriller, Drama, Crime",337598,"1987-06-03","Brian De Palma"
tt0162661,8,2024-01-20,"Sleepy Hollow","Sleepy Hollow",https://www.imdb.com/title/tt0162661,Movie,7.3,105,1999,"Mystery, Fantasy, Horror",393888,"1999-11-19","Tim Burton"
tt0278504,9,2024-01-20,"Insomnia","Insomnia",https://www.imdb.com/title/tt0278504,Movie,7.2,118,2002,"Mystery, Drama, Thriller",325117,"2002-05-24","Christopher Nolan"
tt0111257,9,2024-01-20,"Speed","Speed",https://www.imdb.com/title/tt0111257,Movie,7.3,116,1994,"Adventure, Thriller, Action",401179,"1994-06-10","Jan de Bont"
tt0765429,7,2024-01-20,"American Gangster","American Gangster",https://www.imdb.com/title/tt0765429,Movie,7.8,157,2007,"Drama, Crime, Biography",463725,"2007-11-02","Ridley Scott"
tt0120611,7,2024-01-20,"Blade","Blade",https://www.imdb.com/title/tt0120611,Movie,7.1,120,1998,"Horror, Sci-Fi, Action",311028,"1998-08-21","Stephen Norrington"
tt0399295,8,2024-01-20,"Lord of War","Lord of War",https://www.imdb.com/title/tt0399295,Movie,7.6,122,2005,"Crime, Drama",343701,"2005-09-16","Andrew Niccol"
tt0488120,8,2024-01-20,"Fracture","Fracture",https://www.imdb.com/title/tt0488120,Movie,7.2,113,2007,"Crime, Drama, Thriller",223834,"2007-04-20","Gregory Hoblit"
tt0183649,8,2024-01-20,"Phone Booth","Phone Booth",https://www.imdb.com/title/tt0183649,Movie,7.1,81,2002,"Crime, Thriller",290945,"2003-04-04","Joel Schumacher"
tt0139654,8,2024-01-20,"Training Day","Training Day",https://www.imdb.com/title/tt0139654,Movie,7.8,122,2001,"Crime, Drama, Thriller",485667,"2001-10-05","Antoine Fuqua"
tt0360486,7,2024-01-20,"Constantine","Constantine",https://www.imdb.com/title/tt0360486,Movie,7.0,121,2005,"Fantasy, Horror, Action, Mystery",384359,"2005-02-18","Francis Lawrence"
tt0289765,7,2024-01-20,"Red Dragon","Red Dragon",https://www.imdb.com/title/tt0289765,Movie,7.2,124,2002,"Drama, Crime, Thriller",297897,"2002-10-04","Brett Ratner"
tt0217505,8,2024-01-20,"Gangs of New York","Gangs of New York",https://www.imdb.com/title/tt0217505,Movie,7.5,167,2002,"Crime, Drama",481486,"2002-12-20","Martin Scorsese"
tt0117381,8,2024-01-20,"Primal Fear","Primal Fear",https://www.imdb.com/title/tt0117381,Movie,7.7,129,1996,"Crime, Mystery, Drama, Thriller",253698,"1996-04-03","Gregory Hoblit"
tt0454848,8,2024-01-20,"Inside Man","Inside Man",https://www.imdb.com/title/tt0454848,Movie,7.6,129,2006,"Crime, Drama, Thriller, Mystery",405516,"2006-03-24","Spike Lee"
tt0309698,6,2024-01-20,"Identity","Identity",https://www.imdb.com/title/tt0309698,Movie,7.3,90,2003,"Thriller, Mystery",274385,"2003-04-25","James Mangold"
tt0242653,7,2024-01-20,"The Matrix Revolutions","The Matrix Revolutions",https://www.imdb.com/title/tt0242653,Movie,6.7,129,2003,"Action, Sci-Fi",553376,"2003-11-05","Lana Wachowski,Lilly Wachowski"
tt0327056,8,2024-01-20,"Mystic River","Mystic River",https://www.imdb.com/title/tt0327056,Movie,7.9,138,2003,"Crime, Mystery, Thriller, Drama",495851,"2003-10-15","Clint Eastwood"
tt0217869,8,2024-01-20,"Unbreakable","Unbreakable",https://www.imdb.com/title/tt0217869,Movie,7.3,106,2000,"Mystery, Drama, Sci-Fi, Thriller",451153,"2000-11-22","M. Night Shyamalan"
tt0234215,7,2024-01-20,"The Matrix Reloaded","The Matrix Reloaded",https://www.imdb.com/title/tt0234215,Movie,7.2,138,2003,"Action, Sci-Fi",642988,"2003-05-15","Lana Wachowski,Lilly Wachowski"
tt2005151,7,2024-01-20,"War Dogs","War Dogs",https://www.imdb.com/title/tt2005151,Movie,7.1,114,2016,"Comedy, Drama, War, Crime, Biography",269097,"2016-08-19","Todd Phillips"
tt0816711,5,2024-01-20,"World War Z","World War Z",https://www.imdb.com/title/tt0816711,Movie,7.0,116,2013,"Action, Adventure, Horror, Sci-Fi",740458,"2013-06-21","Marc Forster"
tt1232829,5,2024-01-20,"21 Jump Street","21 Jump Street",https://www.imdb.com/title/tt1232829,Movie,7.2,109,2012,"Action, Comedy, Crime",612607,"2012-03-16","Phil Lord,Christopher Miller"
tt2872732,5,2024-01-20,"Lucy","Lucy",https://www.imdb.com/title/tt2872732,Movie,6.4,89,2014,"Action, Sci-Fi, Thriller",547011,"2014-07-25","Luc Besson"
tt0119654,7,2024-01-20,"Men in Black","Men in Black",https://www.imdb.com/title/tt0119654,Movie,7.3,98,1997,"Adventure, Action, Sci-Fi, Comedy",627478,"1997-07-02","Barry Sonnenfeld"
tt0493464,7,2024-01-20,"Wanted","Wanted",https://www.imdb.com/title/tt0493464,Movie,6.7,110,2008,"Action, Thriller, Crime",415453,"2008-06-27","Timur Bekmambetov"
tt0448157,5,2024-01-20,"Hancock","Hancock",https://www.imdb.com/title/tt0448157,Movie,6.4,92,2008,"Action, Comedy, Fantasy, Drama",521628,"2008-07-02","Peter Berg"
tt0332452,6,2024-01-20,"Troy","Troy",https://www.imdb.com/title/tt0332452,Movie,7.3,163,2004,"Drama, Adventure",583404,"2004-05-14","Wolfgang Petersen"
tt0118971,6,2024-01-20,"The Devil's Advocate","The Devil's Advocate",https://www.imdb.com/title/tt0118971,Movie,7.5,144,1997,"Thriller, Mystery, Fantasy, Drama",413364,"1997-10-17","Taylor Hackford"
tt0349903,6,2024-01-20,"Ocean's Twelve","Ocean's Twelve",https://www.imdb.com/title/tt0349903,Movie,6.5,125,2004,"Thriller, Crime",421224,"2004-12-10","Steven Soderbergh"
tt0356910,7,2024-01-20,"Mr. & Mrs. Smith","Mr. & Mrs. Smith",https://www.imdb.com/title/tt0356910,Movie,6.5,120,2005,"Comedy, Crime, Thriller, Action",555270,"2005-06-10","Doug Liman"
tt0443543,7,2024-01-20,"The Illusionist","The Illusionist",https://www.imdb.com/title/tt0443543,Movie,7.5,110,2006,"Drama, Romance, Mystery, Thriller, Fantasy",393847,"2006-09-01","Neil Burger"
tt0449088,5,2024-01-20,"Pirates of the Caribbean: At World's End","Pirates of the Caribbean: At World's End",https://www.imdb.com/title/tt0449088,Movie,7.1,169,2007,"Action, Adventure, Fantasy",708126,"2007-05-25","Gore Verbinski"
tt1515091,6,2024-01-20,"Sherlock Holmes: A Game of Shadows","Sherlock Holmes: A Game of Shadows",https://www.imdb.com/title/tt1515091,Movie,7.4,129,2011,"Mystery, Action, Adventure",487711,"2011-12-16","Guy Ritchie"
tt0988045,6,2024-01-20,"Sherlock Holmes","Sherlock Holmes",https://www.imdb.com/title/tt0988045,Movie,7.6,128,2009,"Adventure, Mystery, Action",682252,"2009-12-25","Guy Ritchie"
tt6264654,7,2024-01-20,"Free Guy","Free Guy",https://www.imdb.com/title/tt6264654,Movie,7.1,115,2021,"Action, Comedy, Sci-Fi, Adventure, Fantasy, Romance",447785,"2021-08-13","Shawn Levy"
tt2562232,8,2024-01-20,"Birdman or (The Unexpected Virtue of Ignorance)","Birdman or (The Unexpected Virtue of Ignorance)",https://www.imdb.com/title/tt2562232,Movie,7.7,119,2014,"Comedy, Drama",675897,"2014-11-14","Alejandro G. Iñárritu"
tt1028528,7,2024-01-20,"Death Proof","Death Proof",https://www.imdb.com/title/tt1028528,Movie,7.0,127,2007,"Thriller, Drama",320007,"2007-05-31","Quentin Tarantino"
tt1670345,7,2024-01-20,"Now You See Me","Now You See Me",https://www.imdb.com/title/tt1670345,Movie,7.2,115,2013,"Thriller, Crime, Mystery",723904,"2013-05-31","Louis Leterrier"
tt6412452,8,2024-01-20,"The Ballad of Buster Scruggs","The Ballad of Buster Scruggs",https://www.imdb.com/title/tt6412452,Movie,7.2,133,2018,"Musical, Western, Comedy, Drama, Mystery, Romance",172796,"2018-11-09","Ethan Coen,Joel Coen"
tt11286314,7,2024-01-20,"Don't Look Up","Don't Look Up",https://www.imdb.com/title/tt11286314,Movie,7.2,138,2021,"Comedy, Drama, Sci-Fi",623681,"2021-12-24","Adam McKay"
tt5052448,9,2024-01-20,"Get Out","Get Out",https://www.imdb.com/title/tt5052448,Movie,7.8,104,2017,"Horror, Mystery, Thriller",737444,"2017-02-24","Jordan Peele"
tt0119396,7,2024-01-20,"Jackie Brown","Jackie Brown",https://www.imdb.com/title/tt0119396,Movie,7.5,154,1997,"Drama, Crime, Thriller",383468,"1997-12-25","Quentin Tarantino"
tt3569230,8,2024-01-20,"Legend","Legend",https://www.imdb.com/title/tt3569230,Movie,6.9,132,2015,"Thriller, Biography, Crime, Drama",208974,"2015-11-20","Brian Helgeland"
tt1213663,8,2024-01-20,"The World's End","The World's End",https://www.imdb.com/title/tt1213663,Movie,6.9,109,2013,"Comedy, Sci-Fi, Action",303023,"2013-08-23","Edgar Wright"
tt1032755,7,2024-01-20,"RocknRolla","RocknRolla",https://www.imdb.com/title/tt1032755,Movie,7.2,114,2008,"Action, Crime, Thriller",268239,"2008-10-31","Guy Ritchie"
tt1250777,8,2024-01-20,"Kick-Ass","Kick-Ass",https://www.imdb.com/title/tt1250777,Movie,7.6,117,2010,"Comedy, Action, Crime",602923,"2010-04-16","Matthew Vaughn"
tt11564570,8,2024-01-20,"Glass Onion","Glass Onion",https://www.imdb.com/title/tt11564570,Movie,7.1,139,2022,"Crime, Thriller, Drama, Mystery, Comedy",461760,"2022-12-23","Rian Johnson"
tt0887883,9,2024-01-20,"Burn After Reading","Burn After Reading",https://www.imdb.com/title/tt0887883,Movie,7.0,96,2008,"Comedy, Drama, Crime, Thriller",360037,"2008-09-12","Ethan Coen,Joel Coen"
tt8946378,8,2024-01-20,"Knives Out","Knives Out",https://www.imdb.com/title/tt8946378,Movie,7.9,130,2019,"Crime, Mystery, Thriller, Drama, Comedy",797355,"2019-11-27","Rian Johnson"
tt8367814,9,2024-01-20,"The Gentlemen","The Gentlemen",https://www.imdb.com/title/tt8367814,Movie,7.8,113,2019,"Action, Crime",420515,"2020-01-24","Guy Ritchie"
tt0425112,10,2024-01-20,"Hot Fuzz","Hot Fuzz",https://www.imdb.com/title/tt0425112,Movie,7.8,121,2007,"Comedy, Action, Mystery, Thriller",545629,"2007-04-20","Edgar Wright"
tt0289043,8,2024-01-20,"28 Days Later","28 Days Later",https://www.imdb.com/title/tt0289043,Movie,7.5,113,2002,"Sci-Fi, Thriller, Drama, Horror",458080,"2003-06-27","Danny Boyle"
tt0416449,8,2024-01-20,"300","300",https://www.imdb.com/title/tt0416449,Movie,7.6,117,2006,"Action, Drama",879003,"2007-03-09","Zack Snyder"
tt0365748,8,2024-01-20,"Shaun of the Dead","Shaun of the Dead",https://www.imdb.com/title/tt0365748,Movie,7.9,99,2004,"Comedy, Horror",609605,"2004-09-24","Edgar Wright"
tt1931533,7,2024-01-20,"Seven Psychopaths","Seven Psychopaths",https://www.imdb.com/title/tt1931533,Movie,7.1,110,2012,"Comedy, Crime",277890,"2012-10-12","Martin McDonagh"
tt0361862,7,2024-01-20,"The Machinist","The Machinist",https://www.imdb.com/title/tt0361862,Movie,7.6,101,2004,"Thriller, Drama",423267,"2004-12-03","Brad Anderson"
tt0780536,8,2024-01-20,"In Bruges","In Bruges",https://www.imdb.com/title/tt0780536,Movie,7.9,107,2008,"Crime, Drama, Comedy, Thriller",471569,"2008-02-29","Martin McDonagh"
tt0409459,9,2024-01-20,"Watchmen","Watchmen",https://www.imdb.com/title/tt0409459,Movie,7.6,162,2009,"Sci-Fi, Action, Mystery, Drama",591591,"2009-03-06","Zack Snyder"
tt1663202,8,2024-01-20,"The Revenant","The Revenant",https://www.imdb.com/title/tt1663202,Movie,8.0,156,2015,"Adventure, Drama, Western, Action",894446,"2016-01-08","Alejandro G. Iñárritu"
tt0114746,7,2024-01-20,"12 Monkeys","Twelve Monkeys",https://www.imdb.com/title/tt0114746,Movie,8.0,129,1995,"Mystery, Sci-Fi, Thriller",656757,"1996-01-05","Terry Gilliam"
tt2872718,7,2024-01-20,"Nightcrawler","Nightcrawler",https://www.imdb.com/title/tt2872718,Movie,7.8,117,2014,"Crime, Thriller, Drama",622547,"2014-10-31","Dan Gilroy"
tt6723592,6,2024-01-20,"Tenet","Tenet",https://www.imdb.com/title/tt6723592,Movie,7.3,150,2020,"Action, Sci-Fi, Thriller",613266,"2020-09-03","Christopher Nolan"
tt0246578,7,2024-01-20,"Donnie Darko","Donnie Darko",https://www.imdb.com/title/tt0246578,Movie,8.0,113,2001,"Sci-Fi, Thriller, Mystery, Drama",868116,"2001-01-19","Richard Kelly"
tt11858890,7,2024-01-20,"The Creator","The Creator",https://www.imdb.com/title/tt11858890,Movie,6.7,133,2023,"Action, Drama, Sci-Fi, Thriller, Adventure",175967,"2023-09-29","Gareth Edwards"
tt4686844,8,2024-01-19,"The Death of Stalin","The Death of Stalin",https://www.imdb.com/title/tt4686844,Movie,7.3,107,2017,"Comedy, History, Drama",117100,"2018-03-09","Armando Iannucci"
tt22687790,7,2024-01-15,"A Haunting in Venice","A Haunting in Venice",https://www.imdb.com/title/tt22687790,Movie,6.5,103,2023,"Thriller, Crime, Drama, Mystery, Horror",124026,"2023-09-15","Kenneth Branagh"
tt0361748,10,2023-12-20,"Inglourious Basterds","Inglourious Basterds",https://www.imdb.com/title/tt0361748,Movie,8.4,153,2009,"War, Adventure, Drama",1634252,"2009-08-21","Quentin Tarantino"
tt0137523,9,2023-12-20,"Fight Club","Fight Club",https://www.imdb.com/title/tt0137523,Movie,8.8,139,1999,"Drama",2401274,"1999-10-15","David Fincher"
tt0317248,8,2023-12-20,"City of God","Cidade de Deus",https://www.imdb.com/title/tt0317248,Movie,8.6,130,2002,"Drama, Crime",820778,"2004-02-13","Fernando Meirelles,Kátia Lund"
tt1160419,9,2023-12-20,"Dune: Part One","Dune: Part One",https://www.imdb.com/title/tt1160419,Movie,8.0,155,2021,"Sci-Fi, Adventure, Drama, Action",917607,"2021-10-22","Denis Villeneuve"
tt1022603,7,2023-12-20,"500 Days of Summer","(500) Days of Summer",https://www.imdb.com/title/tt1022603,Movie,7.7,95,2009,"Comedy, Drama, Romance",576719,"2009-08-07","Marc Webb"
tt1798709,7,2023-12-20,"Her","Her",https://www.imdb.com/title/tt1798709,Movie,8.0,126,2013,"Romance, Sci-Fi, Drama",688290,"2014-01-10","Spike Jonze"
tt15398776,9,2023-12-02,"Oppenheimer","Oppenheimer",https://www.imdb.com/title/tt15398776,Movie,8.3,180,2023,"Biography, Drama, History",820851,"2023-07-21","Christopher Nolan"
tt2194499,7,2023-11-30,"About Time","About Time",https://www.imdb.com/title/tt2194499,Movie,7.8,123,2013,"Drama, Fantasy, Romance, Comedy, Sci-Fi",401724,"2013-11-08","Richard Curtis"
tt1663662,7,2023-11-26,"Pacific Rim","Pacific Rim",https://www.imdb.com/title/tt1663662,Movie,6.9,131,2013,"Sci-Fi, Action, Adventure",539345,"2013-07-12","Guillermo del Toro"
tt0325710,7,2023-11-26,"The Last Samurai","The Last Samurai",https://www.imdb.com/title/tt0325710,Movie,7.8,154,2003,"Drama, Action",481077,"2003-12-05","Edward Zwick"
tt1637688,5,2023-11-26,"In Time","In Time",https://www.imdb.com/title/tt1637688,Movie,6.7,109,2011,"Sci-Fi, Thriller, Action",458544,"2011-10-28","Andrew Niccol"
tt0181689,8,2023-11-26,"Minority Report","Minority Report",https://www.imdb.com/title/tt0181689,Movie,7.6,145,2002,"Crime, Sci-Fi, Mystery, Thriller, Action",594550,"2002-06-21","Steven Spielberg"
tt0343818,7,2023-11-26,"I, Robot","I, Robot",https://www.imdb.com/title/tt0343818,Movie,7.1,115,2004,"Action, Mystery, Sci-Fi, Thriller",587567,"2004-07-16","Alex Proyas"
tt2397535,7,2023-11-26,"Predestination","Predestination",https://www.imdb.com/title/tt2397535,Movie,7.4,97,2014,"Sci-Fi, Thriller, Drama, Action",315275,"2015-01-09","Michael Spierig,Peter Spierig"
tt1483013,7,2023-11-26,"Oblivion","Oblivion",https://www.imdb.com/title/tt1483013,Movie,7.0,124,2013,"Action, Sci-Fi, Adventure",562804,"2013-04-19","Joseph Kosinski"
tt1631867,8,2023-11-26,"Edge of Tomorrow","Edge of Tomorrow",https://www.imdb.com/title/tt1631867,Movie,7.9,113,2014,"Action, Sci-Fi, Adventure",757920,"2014-06-06","Doug Liman"
tt0206634,9,2023-11-26,"Children of Men","Children of Men",https://www.imdb.com/title/tt0206634,Movie,7.9,109,2006,"Thriller, Drama, Sci-Fi",539858,"2007-01-05","Alfonso Cuarón"
tt1182345,8,2023-11-26,"Moon","Moon",https://www.imdb.com/title/tt1182345,Movie,7.8,97,2009,"Sci-Fi, Drama, Mystery",381952,"2009-07-10","Duncan Jones"
tt1706620,8,2023-11-26,"Snowpiercer","Snowpiercer",https://www.imdb.com/title/tt1706620,Movie,7.1,126,2013,"Sci-Fi, Thriller, Drama",397679,"2014-07-11","Bong Joon Ho"
tt1136608,8,2023-11-26,"District 9","District 9",https://www.imdb.com/title/tt1136608,Movie,7.9,112,2009,"Sci-Fi, Action, Thriller",727636,"2009-08-14","Neill Blomkamp"
tt1276104,7,2023-11-26,"Looper","Looper",https://www.imdb.com/title/tt1276104,Movie,7.4,119,2012,"Sci-Fi, Action, Thriller, Drama",611562,"2012-09-28","Rian Johnson"
tt0945513,7,2023-11-26,"Source Code","Source Code",https://www.imdb.com/title/tt0945513,Movie,7.5,93,2011,"Sci-Fi, Thriller, Action, Drama, Mystery",560570,"2011-04-01","Duncan Jones"
tt0470752,7,2023-11-26,"Ex Machina","Ex Machina",https://www.imdb.com/title/tt0470752,Movie,7.7,108,2014,"Drama, Sci-Fi, Thriller",607307,"2015-04-24","Alex Garland"
tt16968450,7,2023-11-26,"The Wonderful Story of Henry Sugar","The Wonderful Story of Henry Sugar",https://www.imdb.com/title/tt16968450,Short,7.4,40,2023,"Short, Adventure, Comedy, Drama",76316,"2023-09-27","Wes Anderson"
tt2543164,9,2023-11-26,"Arrival","Arrival",https://www.imdb.com/title/tt2543164,Movie,7.9,116,2016,"Sci-Fi, Drama, Mystery",795995,"2016-11-11","Denis Villeneuve"
tt0780504,8,2023-11-26,"Drive","Drive",https://www.imdb.com/title/tt0780504,Movie,7.8,100,2011,"Drama, Action",722344,"2011-09-16","Nicolas Winding Refn"
tt0119174,7,2023-11-26,"The Game","The Game",https://www.imdb.com/title/tt0119174,Movie,7.7,129,1997,"Drama, Thriller, Mystery",442458,"1997-09-12","David Fincher"
tt1568346,8,2023-11-26,"The Girl with the Dragon Tattoo","The Girl with the Dragon Tattoo",https://www.imdb.com/title/tt1568346,Movie,7.8,158,2011,"Drama, Thriller, Crime, Mystery",505740,"2011-12-21","David Fincher"
tt1285016,8,2023-11-26,"The Social Network","The Social Network",https://www.imdb.com/title/tt1285016,Movie,7.8,120,2010,"Drama, Biography",775753,"2010-10-01","David Fincher"
tt1136617,7,2023-11-26,"The Killer","The Killer",https://www.imdb.com/title/tt1136617,Movie,6.7,118,2023,"Action, Thriller, Crime, Drama, Adventure",201402,"2023-11-10","David Fincher"
tt5755238,9,2023-11-22,"Leo","Leo",https://www.imdb.com/title/tt5755238,Movie,7.0,102,2023,"Animation, Musical, Comedy, Family, Adventure",40093,"2023-11-21","Robert Marianetti,Robert Smigel,David Wachtenheim"
tt18347622,6,2023-11-04,"Bodies","Bodies",https://www.imdb.com/title/tt18347622,TV Mini Series,7.3,57,2023,"Crime, Thriller, Drama, Sci-Fi",59866,"2023-10-19",
tt2084970,8,2023-10-27,"The Imitation Game","The Imitation Game",https://www.imdb.com/title/tt2084970,Movie,8.0,114,2014,"Drama, Biography, Thriller, War",840722,"2014-12-25","Morten Tyldum"
tt1343092,6,2023-10-26,"The Great Gatsby","The Great Gatsby",https://www.imdb.com/title/tt1343092,Movie,7.2,143,2013,"Drama, Romance",610989,"2013-05-10","Baz Luhrmann"
tt2713180,7,2023-10-24,"Fury","Fury",https://www.imdb.com/title/tt2713180,Movie,7.6,134,2014,"Action, Drama, War",564669,"2014-10-17","David Ayer"
tt3682448,6,2023-10-23,"Bridge of Spies","Bridge of Spies",https://www.imdb.com/title/tt3682448,Movie,7.6,142,2015,"Drama, Thriller, History, War",332363,"2015-10-16","Steven Spielberg"
tt0457430,9,2023-10-19,"Pan's Labyrinth","El laberinto del fauno",https://www.imdb.com/title/tt0457430,Movie,8.2,118,2006,"Drama, Fantasy, War",715012,"2007-01-19","Guillermo del Toro"
tt2096673,8,2023-10-19,"Inside Out","Inside Out",https://www.imdb.com/title/tt2096673,Movie,8.1,95,2015,"Animation, Comedy, Family, Adventure, Drama, Fantasy",842248,"2015-06-19","Pete Docter,Ronnie Del Carmen"
tt0469494,9,2023-10-19,"There Will Be Blood","There Will Be Blood",https://www.imdb.com/title/tt0469494,Movie,8.2,158,2007,"Drama",656470,"2008-01-25","Paul Thomas Anderson"
tt6966692,7,2023-10-19,"Green Book","Green Book",https://www.imdb.com/title/tt6966692,Movie,8.2,130,2018,"Drama, Biography, Comedy, Music",606911,"2018-11-16","Peter Farrelly"
tt0363163,9,2023-10-19,"Downfall","Der Untergang",https://www.imdb.com/title/tt0363163,Movie,8.2,156,2004,"Drama, War, Biography, History",382342,"2005-04-08","Oliver Hirschbiegel"
tt0113277,8,2023-10-19,"Heat","Heat",https://www.imdb.com/title/tt0113277,Movie,8.3,170,1995,"Drama, Action, Crime",738201,"1995-12-15","Michael Mann"
tt0093058,7,2023-10-19,"Full Metal Jacket","Full Metal Jacket",https://www.imdb.com/title/tt0093058,Movie,8.2,116,1987,"Drama, War",808143,"1987-07-10","Stanley Kubrick"
tt0086250,8,2023-10-19,"Scarface","Scarface",https://www.imdb.com/title/tt0086250,Movie,8.3,170,1983,"Crime, Drama",942441,"1983-12-09","Brian De Palma"
tt0052357,10,2023-10-19,"Vertigo","Vertigo",https://www.imdb.com/title/tt0052357,Movie,8.3,128,1958,"Romance, Thriller, Mystery",437512,"1958-05-28","Alfred Hitchcock"
tt0062622,8,2023-10-19,"2001: A Space Odyssey","2001: A Space Odyssey",https://www.imdb.com/title/tt0062622,Movie,8.3,149,1968,"Adventure, Sci-Fi",738209,"1968-05-12","Stanley Kubrick"
tt0338013,9,2023-10-19,"Eternal Sunshine of the Spotless Mind","Eternal Sunshine of the Spotless Mind",https://www.imdb.com/title/tt0338013,Movie,8.3,108,2004,"Drama, Sci-Fi, Romance",1109062,"2004-03-19","Michel Gondry"
tt5311514,10,2023-10-19,"Your Name.","Kimi no na wa.",https://www.imdb.com/title/tt5311514,Movie,8.4,106,2016,"Animation, Drama, Romance, Fantasy",340275,"2017-04-07","Makoto Shinkai"
tt0119217,7,2023-10-19,"Good Will Hunting","Good Will Hunting",https://www.imdb.com/title/tt0119217,Movie,8.3,126,1997,"Romance, Drama",1105525,"1998-01-09","Gus Van Sant"
tt0119698,9,2023-10-19,"Princess Mononoke","Mononoke-hime",https://www.imdb.com/title/tt0119698,Movie,8.3,133,1997,"Animation, Adventure, Fantasy",447734,"1997-07-12","Hayao Miyazaki"
tt0086879,8,2023-10-19,"Amadeus","Amadeus",https://www.imdb.com/title/tt0086879,Movie,8.4,160,1984,"Drama, Music, Biography",439341,"1984-09-19","Milos Forman"
tt0364569,9,2023-10-19,"Oldboy","Oldeuboi",https://www.imdb.com/title/tt0364569,Movie,8.3,120,2003,"Mystery, Thriller, Action, Drama",658322,"2003-11-21","Park Chan-wook"
tt0057012,7,2023-10-19,"Dr. Strangelove or: How I Learned to Stop Worrying and Love the Bomb","Dr. Strangelove or: How I Learned to Stop Worrying and Love the Bomb",https://www.imdb.com/title/tt0057012,Movie,8.3,95,1964,"War, Comedy",530037,"1964-01-29","Stanley Kubrick"
tt1345836,7,2023-10-19,"The Dark Knight Rises","The Dark Knight Rises",https://www.imdb.com/title/tt1345836,Movie,8.4,164,2012,"Action, Drama, Thriller",1875469,"2012-07-20","Christopher Nolan"
tt2582802,7,2023-10-19,"Whiplash","Whiplash",https://www.imdb.com/title/tt2582802,Movie,8.5,106,2014,"Drama, Music",1034216,"2014-10-15","Damien Chazelle"
tt0073486,7,2023-10-19,"One Flew Over the Cuckoo's Nest","One Flew Over the Cuckoo's Nest",https://www.imdb.com/title/tt0073486,Movie,8.7,133,1975,"Drama",1095989,"1975-11-19","Milos Forman"
tt0109830,8,2023-10-19,"Forrest Gump","Forrest Gump",https://www.imdb.com/title/tt0109830,Movie,8.8,142,1994,"Romance, Drama",2324694,"1994-07-06","Robert Zemeckis"
tt0108052,9,2023-10-19,"Schindler's List","Schindler's List",https://www.imdb.com/title/tt0108052,Movie,9.0,195,1993,"Biography, History, Drama",1489582,"1994-02-04","Steven Spielberg"
tt0110912,9,2023-10-19,"Pulp Fiction","Pulp Fiction",https://www.imdb.com/title/tt0110912,Movie,8.9,154,1994,"Crime, Drama",2280725,"1994-10-14","Quentin Tarantino"
tt9114286,4,2023-10-19,"Black Panther: Wakanda Forever","Black Panther: Wakanda Forever",https://www.imdb.com/title/tt9114286,Movie,6.7,161,2022,"Action, Adventure, Sci-Fi, Drama",319739,"2022-11-11","Ryan Coogler"
tt1877830,7,2023-10-19,"The Batman","The Batman",https://www.imdb.com/title/tt1877830,Movie,7.8,176,2022,"Action, Crime, Drama, Thriller, Mystery",841025,"2022-03-04","Matt Reeves"
tt10648342,6,2023-10-19,"Thor: Love and Thunder","Thor: Love and Thunder",https://www.imdb.com/title/tt10648342,Movie,6.2,118,2022,"Adventure, Romance, Sci-Fi, Comedy",419622,"2022-07-08","Taika Waititi"
tt3480822,4,2023-10-19,"Black Widow","Black Widow",https://www.imdb.com/title/tt3480822,Movie,6.6,134,2021,"Action, Adventure, Sci-Fi",440246,"2021-07-09","Cate Shortland"
tt0448115,7,2023-10-19,"Shazam!","Shazam!",https://www.imdb.com/title/tt0448115,Movie,7.0,132,2019,"Fantasy, Action, Adventure, Comedy",393820,"2019-04-05","David F. Sandberg"
tt9032400,7,2023-10-19,"Eternals","Eternals",https://www.imdb.com/title/tt9032400,Movie,6.3,156,2021,"Action, Fantasy, Sci-Fi, Adventure",398021,"2021-11-05","Chloé Zhao"
tt0451279,6,2023-10-19,"Wonder Woman","Wonder Woman",https://www.imdb.com/title/tt0451279,Movie,7.3,141,2017,"Action, Adventure, Fantasy, Sci-Fi, War",710378,"2017-06-02","Patty Jenkins"
tt9419884,7,2023-10-19,"Doctor Strange in the Multiverse of Madness","Doctor Strange in the Multiverse of Madness",https://www.imdb.com/title/tt9419884,Movie,6.9,126,2022,"Action, Fantasy, Adventure, Sci-Fi",499397,"2022-05-06","Sam Raimi"
tt1270797,8,2023-10-19,"Venom","Venom",https://www.imdb.com/title/tt1270797,Movie,6.6,112,2018,"Action, Sci-Fi, Adventure",561372,"2018-10-05","Ruben Fleischer"
tt9376612,5,2023-10-19,"Shang-Chi and the Legend of the Ten Rings","Shang-Chi and the Legend of the Ten Rings",https://www.imdb.com/title/tt9376612,Movie,7.4,132,2021,"Action, Adventure, Fantasy, Sci-Fi",450868,"2021-09-03","Destin Daniel Cretton"
tt1825683,6,2023-10-19,"Black Panther","Black Panther",https://www.imdb.com/title/tt1825683,Movie,7.3,134,2018,"Action, Adventure, Sci-Fi",856914,"2018-02-16","Ryan Coogler"
tt6320628,7,2023-10-19,"Spider-Man: Far from Home","Spider-Man: Far from Home",https://www.imdb.com/title/tt6320628,Movie,7.4,129,2019,"Action, Adventure, Sci-Fi, Comedy, Fantasy",578909,"2019-07-02","Jon Watts"
tt4154664,4,2023-10-19,"Captain Marvel","Captain Marvel",https://www.imdb.com/title/tt4154664,Movie,6.8,123,2019,"Action, Adventure, Sci-Fi",625204,"2019-03-08","Anna Boden,Ryan Fleck"
tt2250912,8,2023-10-19,"Spider-Man: Homecoming","Spider-Man: Homecoming",https://www.imdb.com/title/tt2250912,Movie,7.4,133,2017,"Action, Sci-Fi, Adventure",740131,"2017-07-07","Jon Watts"
tt5095030,6,2023-10-19,"Ant-Man and the Wasp","Ant-Man and the Wasp",https://www.imdb.com/title/tt5095030,Movie,7.0,118,2018,"Action, Adventure, Sci-Fi, Comedy",462805,"2018-07-06","Peyton Reed"
tt0800080,6,2023-10-19,"The Incredible Hulk","The Incredible Hulk",https://www.imdb.com/title/tt0800080,Movie,6.6,112,2008,"Action, Sci-Fi, Adventure",534050,"2008-06-13","Louis Leterrier"
tt0478970,8,2023-10-19,"Ant-Man","Ant-Man",https://www.imdb.com/title/tt0478970,Movie,7.2,117,2015,"Action, Sci-Fi, Comedy",738097,"2015-07-17","Peyton Reed"
tt1981115,5,2023-10-19,"Thor: The Dark World","Thor: The Dark World",https://www.imdb.com/title/tt1981115,Movie,6.7,112,2013,"Action, Adventure",739400,"2013-11-08","Alan Taylor"
tt0458339,7,2023-10-19,"Captain America: The First Avenger","Captain America: The First Avenger",https://www.imdb.com/title/tt0458339,Movie,6.9,124,2011,"Action, Adventure, Sci-Fi",915497,"2011-07-22","Joe Johnston"
tt0800369,7,2023-10-19,"Thor","Thor",https://www.imdb.com/title/tt0800369,Movie,7.0,115,2011,"Action, Fantasy",917785,"2011-05-06","Kenneth Branagh"
tt1300854,7,2023-10-19,"Iron Man 3","Iron Man Three",https://www.imdb.com/title/tt1300854,Movie,7.1,130,2013,"Action, Adventure, Sci-Fi",916971,"2013-05-03","Shane Black"
tt1228705,6,2023-10-19,"Iron Man 2","Iron Man 2",https://www.imdb.com/title/tt1228705,Movie,6.9,124,2010,"Action, Sci-Fi",887015,"2010-05-07","Jon Favreau"
tt0371746,7,2023-10-19,"Iron Man","Iron Man",https://www.imdb.com/title/tt0371746,Movie,7.9,126,2008,"Action, Sci-Fi, Adventure",1150993,"2008-05-02","Jon Favreau"
tt0848228,8,2023-10-19,"The Avengers","The Avengers",https://www.imdb.com/title/tt0848228,Movie,8.0,143,2012,"Action, Sci-Fi",1485047,"2012-05-04","Joss Whedon"
tt1843866,7,2023-10-19,"Captain America: The Winter Soldier","Captain America: The Winter Soldier",https://www.imdb.com/title/tt1843866,Movie,7.7,136,2014,"Action, Adventure, Sci-Fi, Thriller",917435,"2014-04-04","Anthony Russo,Joe Russo"
tt2395427,7,2023-10-19,"Avengers: Age of Ultron","Avengers: Age of Ultron",https://www.imdb.com/title/tt2395427,Movie,7.3,141,2015,"Action, Adventure, Sci-Fi",943026,"2015-05-01","Joss Whedon"
tt1211837,7,2023-10-19,"Doctor Strange","Doctor Strange",https://www.imdb.com/title/tt1211837,Movie,7.5,115,2016,"Fantasy, Adventure, Action, Sci-Fi",826266,"2016-11-04","Scott Derrickson"
tt3498820,7,2023-10-19,"Captain America: Civil War","Captain America: Civil War",https://www.imdb.com/title/tt3498820,Movie,7.8,147,2016,"Action, Sci-Fi",871593,"2016-05-06","Anthony Russo,Joe Russo"
tt3896198,7,2023-10-19,"Guardians of the Galaxy Vol. 2","Guardians of the Galaxy Vol. 2",https://www.imdb.com/title/tt3896198,Movie,7.6,136,2017,"Action, Sci-Fi, Adventure, Comedy",778871,"2017-05-05","James Gunn"
tt3385516,7,2023-10-19,"X-Men: Apocalypse","X-Men: Apocalypse",https://www.imdb.com/title/tt3385516,Movie,6.8,144,2016,"Sci-Fi, Action, Adventure",472838,"2016-05-27","Bryan Singer"
tt2015381,7,2023-10-19,"Guardians of the Galaxy","Guardians of the Galaxy",https://www.imdb.com/title/tt2015381,Movie,8.0,121,2014,"Sci-Fi, Action, Adventure, Comedy",1297525,"2014-08-01","James Gunn"
tt1270798,8,2023-10-19,"X-Men: First Class","X: First Class",https://www.imdb.com/title/tt1270798,Movie,7.7,131,2011,"Action, Sci-Fi",738506,"2011-06-03","Matthew Vaughn"
tt5463162,6,2023-10-19,"Deadpool 2","Deadpool 2",https://www.imdb.com/title/tt5463162,Movie,7.6,119,2018,"Action, Adventure, Comedy, Sci-Fi",692972,"2018-05-18","David Leitch"
tt3501632,8,2023-10-18,"Thor: Ragnarok","Thor: Ragnarok",https://www.imdb.com/title/tt3501632,Movie,7.9,130,2017,"Action, Sci-Fi, Adventure, Comedy, Fantasy",837379,"2017-11-03","Taika Waititi"
tt1877832,8,2023-10-18,"X-Men: Days of Future Past","X-Men: Days of Future Past",https://www.imdb.com/title/tt1877832,Movie,7.9,132,2014,"Action, Sci-Fi, Thriller, Adventure",760926,"2014-05-23","Bryan Singer"
tt7467858,6,2023-10-18,"Fantastic Beasts and Where to Find Them: Newt","Fantastic Beasts and Where to Find Them: Newt",https://www.imdb.com/title/tt7467858,Video,7.2,4,2017,"Short",47997,"2017-03-28","Josh Oreck"
tt4649466,5,2023-10-18,"Kingsman: The Golden Circle","Kingsman: The Golden Circle",https://www.imdb.com/title/tt4649466,Movie,6.7,141,2017,"Action, Adventure, Comedy, Crime, Thriller",376002,"2017-09-22","Matthew Vaughn"
tt1431045,8,2023-10-18,"Deadpool","Deadpool",https://www.imdb.com/title/tt1431045,Movie,8.0,108,2016,"Action, Comedy",1179604,"2016-02-12","Tim Miller"
tt2584384,9,2023-10-18,"Jojo Rabbit","Jojo Rabbit",https://www.imdb.com/title/tt2584384,Movie,7.9,108,2019,"Comedy, War, Drama",455734,"2019-11-08","Taika Waititi"
tt2802144,6,2023-10-18,"Kingsman: The Secret Service","Kingsman: The Secret Service",https://www.imdb.com/title/tt2802144,Movie,7.7,129,2014,"Adventure, Action, Comedy, Thriller",736928,"2015-02-13","Matthew Vaughn"
tt3890160,8,2023-10-18,"Baby Driver","Baby Driver",https://www.imdb.com/title/tt3890160,Movie,7.5,113,2017,"Action, Music, Crime, Drama",633592,"2017-06-28","Edgar Wright"
tt7349662,6,2023-10-18,"BlacKkKlansman","BlacKkKlansman",https://www.imdb.com/title/tt7349662,Movie,7.5,135,2018,"Biography, Crime, Drama, Comedy",297420,"2018-08-10","Spike Lee"
tt3460252,8,2023-10-18,"The Hateful Eight","The Hateful Eight",https://www.imdb.com/title/tt3460252,Movie,7.8,168,2015,"Western, Drama, Thriller, Mystery, Crime",676453,"2015-12-30","Quentin Tarantino"
tt5013056,7,2023-10-18,"Dunkirk","Dunkirk",https://www.imdb.com/title/tt5013056,Movie,7.8,106,2017,"War, Drama, Action, History, Thriller",758303,"2017-07-21","Christopher Nolan"
tt4555426,7,2023-10-18,"Darkest Hour","Darkest Hour",https://www.imdb.com/title/tt4555426,Movie,7.4,125,2017,"Drama, War",226341,"2017-12-22","Joe Wright"
tt1119646,5,2023-10-18,"The Hangover","The Hangover",https://www.imdb.com/title/tt1119646,Movie,7.7,100,2009,"Comedy",868462,"2009-06-05","Todd Phillips"
tt6266538,7,2023-10-18,"Vice","Vice",https://www.imdb.com/title/tt6266538,Movie,7.2,132,2018,"Biography, Drama, Comedy, History",166310,"2018-12-25","Adam McKay"
tt1596363,9,2023-10-18,"The Big Short","The Big Short",https://www.imdb.com/title/tt1596363,Movie,7.8,130,2015,"Drama, Biography, Comedy, History",499067,"2015-12-23","Adam McKay"
tt1210166,7,2023-10-18,"Moneyball","Moneyball",https://www.imdb.com/title/tt1210166,Movie,7.6,133,2011,"Drama, Sport, Biography",476843,"2011-09-23","Bennett Miller"
tt1219289,4,2023-10-18,"Limitless","Limitless",https://www.imdb.com/title/tt1219289,Movie,7.4,105,2011,"Thriller, Sci-Fi",621909,"2011-03-18","Neil Burger"
tt3659388,7,2023-10-18,"The Martian","The Martian",https://www.imdb.com/title/tt3659388,Movie,8.0,144,2015,"Sci-Fi, Adventure, Drama",950291,"2015-10-02","Ridley Scott"
tt0362227,7,2023-10-18,"The Terminal","The Terminal",https://www.imdb.com/title/tt0362227,Movie,7.4,128,2004,"Drama, Comedy, Romance",506373,"2004-06-18","Steven Spielberg"
tt0790636,5,2023-10-18,"Dallas Buyers Club","Dallas Buyers Club",https://www.imdb.com/title/tt0790636,Movie,7.9,117,2013,"Drama, Biography",527640,"2013-11-22","Jean-Marc Vallée"
tt2179136,7,2023-10-18,"American Sniper","American Sniper",https://www.imdb.com/title/tt2179136,Movie,7.3,133,2014,"Action, Biography, War, Drama",541230,"2015-01-16","Clint Eastwood"
tt2980516,6,2023-10-18,"The Theory of Everything","The Theory of Everything",https://www.imdb.com/title/tt2980516,Movie,7.7,123,2014,"Drama, Biography, Romance",489317,"2014-11-26","James Marsh"
tt1454468,7,2023-10-18,"Gravity","Gravity",https://www.imdb.com/title/tt1454468,Movie,7.7,91,2013,"Sci-Fi, Thriller, Drama",873908,"2013-10-04","Alfonso Cuarón"
tt0914798,6,2023-10-18,"The Boy in the Striped Pajamas","The Boy in the Striped Pajamas",https://www.imdb.com/title/tt0914798,Movie,7.7,94,2008,"Drama, War",254589,"2008-11-26","Mark Herman"
tt1504320,8,2023-10-18,"The King's Speech","The King's Speech",https://www.imdb.com/title/tt1504320,Movie,8.0,118,2010,"Drama, Biography, History",715508,"2010-12-25","Tom Hooper"
tt1542344,7,2023-10-18,"127 Hours","127 Hours",https://www.imdb.com/title/tt1542344,Movie,7.5,94,2010,"Drama, Biography",408300,"2011-01-28","Danny Boyle"
tt0382625,5,2023-10-18,"The Da Vinci Code","The Da Vinci Code",https://www.imdb.com/title/tt0382625,Movie,6.6,149,2006,"Thriller, Mystery",466523,"2006-05-19","Ron Howard"
tt1010048,7,2023-10-18,"Slumdog Millionaire","Slumdog Millionaire",https://www.imdb.com/title/tt1010048,Movie,8.0,120,2008,"Drama, Romance, Crime",887256,"2008-12-25","Danny Boyle,Loveleen Tandan"
tt0162222,8,2023-10-18,"Cast Away","Cast Away",https://www.imdb.com/title/tt0162222,Movie,7.8,143,2000,"Romance, Drama, Adventure",653247,"2000-12-22","Robert Zemeckis"
tt0421715,7,2023-10-18,"The Curious Case of Benjamin Button","The Curious Case of Benjamin Button",https://www.imdb.com/title/tt0421715,Movie,7.8,166,2008,"Romance, Drama, Fantasy",710109,"2008-12-25","David Fincher"
tt0496806,5,2023-10-18,"Ocean's Thirteen","Ocean's Thirteen",https://www.imdb.com/title/tt0496806,Movie,6.9,122,2007,"Crime, Thriller",373270,"2007-06-08","Steven Soderbergh"
tt0454921,7,2023-10-18,"The Pursuit of Happyness","The Pursuit of Happyness",https://www.imdb.com/title/tt0454921,Movie,8.0,117,2006,"Drama, Biography",577816,"2006-12-15","Gabriele Muccino"
tt0240772,7,2023-10-18,"Ocean's Eleven","Ocean's Eleven",https://www.imdb.com/title/tt0240772,Movie,7.7,116,2001,"Thriller, Crime",633944,"2001-12-07","Steven Soderbergh"
tt0450259,8,2023-10-18,"Blood Diamond","Blood Diamond",https://www.imdb.com/title/tt0450259,Movie,8.0,143,2006,"Drama, Adventure, Thriller",598077,"2006-12-08","Edward Zwick"
tt0258463,8,2023-10-18,"The Bourne Identity","The Bourne Identity",https://www.imdb.com/title/tt0258463,Movie,7.8,119,2002,"Mystery, Thriller, Action",587105,"2002-06-14","Doug Liman"
tt0440963,6,2023-10-18,"The Bourne Ultimatum","The Bourne Ultimatum",https://www.imdb.com/title/tt0440963,Movie,8.0,115,2007,"Action, Thriller, Mystery",666007,"2007-08-03","Paul Greengrass"
tt0378194,9,2023-10-18,"Kill Bill: Vol. 2","Kill Bill: Vol. 2",https://www.imdb.com/title/tt0378194,Movie,8.0,137,2004,"Thriller, Crime, Action",824109,"2004-04-16","Quentin Tarantino"
tt0095953,7,2023-10-18,"Rain Man","Rain Man",https://www.imdb.com/title/tt0095953,Movie,8.0,133,1988,"Drama",556227,"1988-12-16","Barry Levinson"
tt0266697,9,2023-10-18,"Kill Bill: Vol. 1","Kill Bill: Vol. 1",https://www.imdb.com/title/tt0266697,Movie,8.2,111,2003,"Action, Thriller, Crime",1225215,"2003-10-10","Quentin Tarantino"
tt0103639,8,2023-10-18,"Aladdin","Aladdin",https://www.imdb.com/title/tt0103639,Movie,8.0,90,1992,"Animation, Musical, Romance, Adventure, Comedy, Family, Fantasy",479626,"1992-11-25","Ron Clements,John Musker"
tt0071853,9,2023-10-18,"Monty Python and the Holy Grail","Monty Python and the Holy Grail",https://www.imdb.com/title/tt0071853,Movie,8.2,91,1975,"Adventure, Fantasy, Comedy",579985,"1975-05-25","Terry Gilliam,Terry Jones"
tt0091763,7,2023-10-18,"Platoon","Platoon",https://www.imdb.com/title/tt0091763,Movie,8.1,120,1986,"Drama, War",448132,"1987-02-06","Oliver Stone"
tt0079470,9,2023-10-18,"Monty Python's Life of Brian","Life of Brian",https://www.imdb.com/title/tt0079470,Movie,8.0,94,1979,"Comedy",425837,"1979-08-17","Terry Jones"
tt0382932,7,2023-10-18,"Ratatouille","Ratatouille",https://www.imdb.com/title/tt0382932,Movie,8.1,111,2007,"Animation, Comedy, Family, Fantasy, Adventure",858573,"2007-06-27","Brad Bird,Jan Pinkava"
tt1895587,7,2023-10-18,"Spotlight","Spotlight",https://www.imdb.com/title/tt1895587,Movie,8.1,129,2015,"Drama, Crime, Biography",510911,"2015-11-20","Tom McCarthy"
tt0118715,9,2023-10-18,"The Big Lebowski","The Big Lebowski",https://www.imdb.com/title/tt0118715,Movie,8.1,117,1998,"Crime, Comedy",876898,"1998-03-06","Joel Coen,Ethan Coen"
tt1856101,7,2023-10-18,"Blade Runner 2049","Blade Runner 2049",https://www.imdb.com/title/tt1856101,Movie,8.0,164,2017,"Sci-Fi, Thriller, Action, Drama, Mystery",692323,"2017-10-06","Denis Villeneuve"
tt0395169,8,2023-10-18,"Hotel Rwanda","Hotel Rwanda",https://www.imdb.com/title/tt0395169,Movie,8.1,121,2004,"Drama, War, History, Biography",378627,"2005-02-04","Terry George"
tt0083658,7,2023-10-18,"Blade Runner","Blade Runner",https://www.imdb.com/title/tt0083658,Movie,8.1,117,1982,"Thriller, Action, Drama, Sci-Fi",839993,"1982-06-25","Ridley Scott"
tt2278388,7,2023-10-18,"The Grand Budapest Hotel","The Grand Budapest Hotel",https://www.imdb.com/title/tt2278388,Movie,8.1,99,2014,"Comedy, Adventure, Crime",907959,"2014-03-28","Wes Anderson"
tt2024544,7,2023-10-18,"12 Years a Slave","12 Years a Slave",https://www.imdb.com/title/tt2024544,Movie,8.1,134,2013,"Drama, History, Biography",753818,"2013-11-08","Steve McQueen"
tt1205489,8,2023-10-18,"Gran Torino","Gran Torino",https://www.imdb.com/title/tt1205489,Movie,8.1,116,2008,"Drama",827858,"2009-01-09","Clint Eastwood"
tt0118799,9,2023-10-18,"Life Is Beautiful","La vita è bella",https://www.imdb.com/title/tt0118799,Movie,8.6,116,1997,"Comedy, War, Romance, Drama",761379,"1997-12-20","Roberto Benigni"
tt1291584,7,2023-10-18,"Warrior","Warrior",https://www.imdb.com/title/tt1291584,Movie,8.1,140,2011,"Drama, Sport",506795,"2011-09-09","Gavin O'Connor"
tt0253474,8,2023-10-18,"The Pianist","The Pianist",https://www.imdb.com/title/tt0253474,Movie,8.5,150,2002,"Biography, Music, Drama, War",942040,"2003-03-28","Roman Polanski"
tt5027774,7,2023-10-18,"Three Billboards Outside Ebbing, Missouri","Three Billboards Outside Ebbing, Missouri",https://www.imdb.com/title/tt5027774,Movie,8.1,115,2017,"Crime, Drama, Comedy",569370,"2017-12-01","Martin McDonagh"
tt0110413,9,2023-10-18,"Léon: The Professional","Léon",https://www.imdb.com/title/tt0110413,Movie,8.5,110,1994,"Action, Drama, Crime, Thriller",1277675,"1994-11-18","Luc Besson"
tt0120735,9,2023-10-18,"Lock, Stock and Two Smoking Barrels","Lock, Stock and Two Smoking Barrels",https://www.imdb.com/title/tt0120735,Movie,8.1,107,1998,"Crime, Comedy",626801,"1998-08-28","Guy Ritchie"
tt0088763,8,2023-10-18,"Back to the Future","Back to the Future",https://www.imdb.com/title/tt0088763,Movie,8.5,116,1985,"Comedy, Sci-Fi, Adventure",1346002,"1985-07-03","Robert Zemeckis"
tt0208092,10,2023-10-18,"Snatch","Snatch",https://www.imdb.com/title/tt0208092,Movie,8.2,102,2000,"Comedy, Crime",929687,"2001-01-19","Guy Ritchie"
tt0482571,9,2023-10-18,"The Prestige","The Prestige",https://www.imdb.com/title/tt0482571,Movie,8.5,130,2006,"Drama, Thriller, Mystery, Sci-Fi",1480239,"2006-10-20","Christopher Nolan"
tt0095016,8,2023-10-18,"Die Hard","Die Hard",https://www.imdb.com/title/tt0095016,Movie,8.2,132,1988,"Thriller, Action",965542,"1988-07-20","John McTiernan"
tt1675434,8,2023-10-18,"The Intouchables","Intouchables",https://www.imdb.com/title/tt1675434,Movie,8.5,112,2011,"Comedy, Drama",955125,"2011-11-02","Olivier Nakache,Éric Toledano"
tt1049413,7,2023-10-18,"Up","Up",https://www.imdb.com/title/tt1049413,Movie,8.3,96,2009,"Animation, Family, Adventure, Comedy, Drama",1156045,"2009-07-23","Pete Docter,Bob Peterson"
tt0110357,9,2023-10-18,"The Lion King","The Lion King",https://www.imdb.com/title/tt0110357,Movie,8.5,88,1994,"Animation, Musical, Drama, Fantasy, Adventure, Family",1175075,"1994-06-24","Roger Allers,Rob Minkoff"
tt2380307,7,2023-10-18,"Coco","Coco",https://www.imdb.com/title/tt2380307,Movie,8.4,105,2017,"Animation, Family, Adventure, Fantasy, Mystery, Music, Drama",624274,"2017-11-22","Lee Unkrich,Adrian Molina"
tt0059742,7,2023-10-18,"The Sound of Music","The Sound of Music",https://www.imdb.com/title/tt0059742,Movie,8.1,172,1965,"Musical, Drama, Biography, Romance, Family",268333,"1965-04-01","Robert Wise"
tt0910970,9,2023-10-18,"WALL·E","WALL·E",https://www.imdb.com/title/tt0910970,Movie,8.4,98,2008,"Animation, Sci-Fi, Adventure, Family",1233543,"2008-06-27","Andrew Stanton"
tt0107048,8,2023-10-18,"Groundhog Day","Groundhog Day",https://www.imdb.com/title/tt0107048,Movie,8.0,101,1993,"Fantasy, Drama, Romance, Comedy",701064,"1993-02-12","Harold Ramis"
tt0317705,7,2023-10-18,"The Incredibles","The Incredibles",https://www.imdb.com/title/tt0317705,Movie,8.0,115,2004,"Animation, Action, Adventure, Family",834459,"2004-11-05","Brad Bird"
tt0758758,7,2023-10-18,"Into the Wild","Into the Wild",https://www.imdb.com/title/tt0758758,Movie,8.1,148,2007,"Drama, Adventure, Biography",669278,"2007-10-19","Sean Penn"
tt0198781,7,2023-10-18,"Monsters, Inc.","Monsters, Inc.",https://www.imdb.com/title/tt0198781,Movie,8.1,92,2001,"Animation, Adventure, Comedy, Family, Fantasy",1006325,"2001-11-23","Pete Docter,David Silverman,Lee Unkrich"
tt1950186,6,2023-10-18,"Ford v Ferrari","Ford v Ferrari",https://www.imdb.com/title/tt1950186,Movie,8.1,152,2019,"Action, Drama, Biography, Sport",502989,"2019-11-15","James Mangold"
tt0383574,5,2023-10-18,"Pirates of the Caribbean: Dead Man's Chest","Pirates of the Caribbean: Dead Man's Chest",https://www.imdb.com/title/tt0383574,Movie,7.4,151,2006,"Adventure, Fantasy, Action",784282,"2006-07-07","Gore Verbinski"
tt3170832,8,2023-10-18,"Room","Room",https://www.imdb.com/title/tt3170832,Movie,8.1,118,2015,"Drama, Thriller",460753,"2016-01-22","Lenny Abrahamson"
tt0325980,7,2023-10-18,"Pirates of the Caribbean: The Curse of the Black Pearl","Pirates of the Caribbean: The Curse of the Black Pearl",https://www.imdb.com/title/tt0325980,Movie,8.1,143,2003,"Fantasy, Action, Adventure",1240740,"2003-07-09","Gore Verbinski"
tt2119532,7,2023-10-18,"Hacksaw Ridge","Hacksaw Ridge",https://www.imdb.com/title/tt2119532,Movie,8.1,139,2016,"Drama, War, History, Biography",618065,"2016-11-04","Mel Gibson"
tt3315342,7,2023-10-18,"Logan","Logan",https://www.imdb.com/title/tt3315342,Movie,8.1,137,2017,"Action, Sci-Fi, Drama, Thriller",869740,"2017-03-03","James Mangold"
tt2267998,9,2023-10-18,"Gone Girl","Gone Girl",https://www.imdb.com/title/tt2267998,Movie,8.1,149,2014,"Thriller, Drama, Mystery",1097102,"2014-10-03","David Fincher"
tt1392190,8,2023-10-18,"Mad Max: Fury Road","Mad Max: Fury Road",https://www.imdb.com/title/tt1392190,Movie,8.1,120,2015,"Action, Adventure, Thriller, Sci-Fi",1140424,"2015-05-15","George Miller"
tt1392214,9,2023-10-18,"Prisoners","Prisoners",https://www.imdb.com/title/tt1392214,Movie,8.2,153,2013,"Crime, Drama, Thriller, Mystery",842797,"2013-09-20","Denis Villeneuve"
tt0096283,9,2023-10-18,"My Neighbor Totoro","Tonari no Totoro",https://www.imdb.com/title/tt0096283,Movie,8.1,86,1988,"Animation, Family, Comedy, Fantasy",395126,"1990-07-13","Hayao Miyazaki"
tt10872600,7,2023-10-18,"Spider-Man: No Way Home","Spider-Man: No Way Home",https://www.imdb.com/title/tt10872600,Movie,8.2,148,2021,"Action, Adventure, Sci-Fi, Fantasy",918179,"2021-12-17","Jon Watts"
tt0347149,9,2023-10-18,"Howl's Moving Castle","Hauru no ugoku shiro",https://www.imdb.com/title/tt0347149,Movie,8.2,119,2004,"Animation, Adventure, Family, Fantasy",468216,"2005-06-17","Hayao Miyazaki"
tt0477348,8,2023-10-18,"No Country for Old Men","No Country for Old Men",https://www.imdb.com/title/tt0477348,Movie,8.2,122,2007,"Thriller, Crime, Drama",1093158,"2007-11-21","Ethan Coen,Joel Coen"
tt0434409,9,2023-10-18,"V for Vendetta","V for Vendetta",https://www.imdb.com/title/tt0434409,Movie,8.1,132,2005,"Thriller, Action, Drama, Sci-Fi",1199453,"2006-03-17","James McTeigue"
tt0107290,8,2023-10-18,"Jurassic Park","Jurassic Park",https://www.imdb.com/title/tt0107290,Movie,8.2,127,1993,"Thriller, Action, Sci-Fi, Adventure",1095260,"1993-06-11","Steven Spielberg"
tt0268978,9,2023-10-18,"A Beautiful Mind","A Beautiful Mind",https://www.imdb.com/title/tt0268978,Movie,8.2,135,2001,"Biography, Mystery, Drama",1006471,"2002-01-04","Ron Howard"
tt0167404,8,2023-10-18,"The Sixth Sense","The Sixth Sense",https://www.imdb.com/title/tt0167404,Movie,8.2,107,1999,"Mystery, Drama, Thriller",1078922,"1999-08-06","M. Night Shyamalan"
tt0264464,7,2023-10-18,"Catch Me If You Can","Catch Me If You Can",https://www.imdb.com/title/tt0264464,Movie,8.1,141,2002,"Drama, Biography, Crime",1132982,"2002-12-25","Steven Spielberg"
tt0120382,9,2023-10-18,"The Truman Show","The Truman Show",https://www.imdb.com/title/tt0120382,Movie,8.2,103,1998,"Comedy, Drama",1241269,"1998-06-05","Peter Weir"
tt1130884,8,2023-10-18,"Shutter Island","Shutter Island",https://www.imdb.com/title/tt1130884,Movie,8.2,138,2010,"Thriller, Mystery, Drama",1507783,"2010-02-19","Martin Scorsese"
tt0372784,9,2023-10-18,"Batman Begins","Batman Begins",https://www.imdb.com/title/tt0372784,Movie,8.2,140,2005,"Action, Drama",1615869,"2005-06-15","Christopher Nolan"
tt0993846,7,2023-10-18,"The Wolf of Wall Street","The Wolf of Wall Street",https://www.imdb.com/title/tt0993846,Movie,8.2,180,2013,"Crime, Drama, Biography, Comedy",1638292,"2013-12-25","Martin Scorsese"
tt0114814,8,2023-10-18,"The Usual Suspects","The Usual Suspects",https://www.imdb.com/title/tt0114814,Movie,8.5,106,1995,"Drama, Crime, Mystery, Thriller",1168792,"1995-08-16","Bryan Singer"
tt8579674,8,2023-10-18,"1917","1917",https://www.imdb.com/title/tt8579674,Movie,8.2,119,2019,"War, Drama, History",705267,"2020-01-10","Sam Mendes"
tt0120586,9,2023-10-18,"American History X","American History X",https://www.imdb.com/title/tt0120586,Movie,8.5,119,1998,"Drama, Crime",1211475,"1998-11-20","Tony Kaye"
tt4154796,8,2023-10-18,"Avengers: Endgame","Avengers: Endgame",https://www.imdb.com/title/tt4154796,Movie,8.4,181,2019,"Action, Sci-Fi, Adventure, Drama",1314487,"2019-04-26","Anthony Russo,Joe Russo"
tt6751668,8,2023-10-18,"Parasite","Gisaengchung",https://www.imdb.com/title/tt6751668,Movie,8.5,132,2019,"Drama, Thriller",1012021,"2019-11-08","Bong Joon Ho"
tt7286456,7,2023-10-18,"Joker","Joker",https://www.imdb.com/title/tt7286456,Movie,8.4,122,2019,"Crime, Drama, Thriller",1564557,"2019-10-04","Todd Phillips"
tt0102926,9,2023-10-18,"The Silence of the Lambs","The Silence of the Lambs",https://www.imdb.com/title/tt0102926,Movie,8.6,118,1991,"Crime, Drama, Thriller",1595625,"1991-02-14","Jonathan Demme"
tt4154756,9,2023-10-18,"Avengers: Infinity War","Avengers: Infinity War",https://www.imdb.com/title/tt4154756,Movie,8.4,149,2018,"Action, Sci-Fi, Adventure",1248331,"2018-04-27","Anthony Russo,Joe Russo"
tt0120815,8,2023-10-18,"Saving Private Ryan","Saving Private Ryan",https://www.imdb.com/title/tt0120815,Movie,8.6,169,1998,"Drama, War",1536174,"1998-07-24","Steven Spielberg"
tt1853728,9,2023-10-18,"Django Unchained","Django Unchained",https://www.imdb.com/title/tt1853728,Movie,8.5,165,2012,"Western, Drama, Comedy",1745585,"2012-12-25","Quentin Tarantino"
tt0133093,10,2023-10-18,"The Matrix","The Matrix",https://www.imdb.com/title/tt0133093,Movie,8.7,136,1999,"Action, Sci-Fi",2108644,"1999-03-31","Lana Wachowski,Lilly Wachowski"
tt0407887,7,2023-10-18,"The Departed","The Departed",https://www.imdb.com/title/tt0407887,Movie,8.5,151,2006,"Crime, Drama, Thriller",1456637,"2006-10-06","Martin Scorsese"
tt1375666,9,2023-10-18,"Inception","Inception",https://www.imdb.com/title/tt1375666,Movie,8.8,148,2010,"Sci-Fi, Thriller, Action, Adventure",2619646,"2010-07-16","Christopher Nolan"
tt0172495,8,2023-10-18,"Gladiator","Gladiator",https://www.imdb.com/title/tt0172495,Movie,8.5,155,2000,"Adventure, Drama, Action",1693098,"2000-05-05","Ridley Scott"
tt0167261,10,2023-10-18,"The Lord of the Rings: The Two Towers","The Lord of the Rings: The Two Towers",https://www.imdb.com/title/tt0167261,Movie,8.8,179,2002,"Drama, Adventure, Fantasy",1833550,"2002-12-18","Peter Jackson"
tt0120689,10,2023-10-18,"The Green Mile","The Green Mile",https://www.imdb.com/title/tt0120689,Movie,8.6,189,1999,"Crime, Fantasy, Mystery, Drama",1449120,"1999-12-10","Frank Darabont"
tt0120737,10,2023-10-18,"The Lord of the Rings: The Fellowship of the Ring","The Lord of the Rings: The Fellowship of the Ring",https://www.imdb.com/title/tt0120737,Movie,8.9,178,2001,"Drama, Adventure, Fantasy",2063120,"2001-12-19","Peter Jackson"
tt0816692,9,2023-10-18,"Interstellar","Interstellar",https://www.imdb.com/title/tt0816692,Movie,8.7,169,2014,"Sci-Fi, Adventure, Drama",2210466,"2014-11-07","Christopher Nolan"
tt0167260,10,2023-10-18,"The Lord of the Rings: The Return of the King","The Lord of the Rings: The Return of the King",https://www.imdb.com/title/tt0167260,Movie,9.0,201,2003,"Drama, Adventure, Fantasy",2033439,"2003-12-17","Peter Jackson"
tt0114369,9,2023-10-18,"Se7en","Se7en",https://www.imdb.com/title/tt0114369,Movie,8.6,127,1995,"Mystery, Drama, Crime, Thriller",1856976,"1995-09-22","David Fincher"
tt0050083,10,2023-10-18,"12 Angry Men","12 Angry Men",https://www.imdb.com/title/tt0050083,Movie,9.0,96,1957,"Crime, Drama",896428,"1957-04-10","Sidney Lumet"
tt0468569,10,2023-10-18,"The Dark Knight","The Dark Knight",https://www.imdb.com/title/tt0468569,Movie,9.0,152,2008,"Drama, Crime, Thriller",2952039,"2008-07-18","Christopher Nolan"
tt0097814,9,2023-10-18,"Kiki's Delivery Service","Majo no takkyûbin",https://www.imdb.com/title/tt0097814,Movie,7.8,103,1989,"Animation, Family, Fantasy",172451,"1990-12-20","Hayao Miyazaki"
tt0185906,9,2023-10-18,"Band of Brothers","Band of Brothers",https://www.imdb.com/title/tt0185906,TV Mini Series,9.4,60,2001,"History, Action, Drama, War",546802,"2001-09-09",
tt0978762,10,2010-11-29,"Mary and Max","Mary and Max.",https://www.imdb.com/title/tt0978762,Movie,8.1,92,2009,"Animation, Comedy, Drama",191676,"2009-04-09","Adam Elliot"
tt0119177,9,2008-11-20,"Gattaca","Gattaca",https://www.imdb.com/title/tt0119177,Movie,7.7,106,1997,"Sci-Fi, Drama, Thriller",330418,"1997-10-24","Andrew Niccol"
tt0111161,10,2008-04-21,"The Shawshank Redemption","The Shawshank Redemption",https://www.imdb.com/title/tt0111161,Movie,9.3,142,1994,"Drama",2970695,"1994-10-14","Frank Darabont"
tt0299977,10,2008-04-17,"Hero","Ying xiong",https://www.imdb.com/title/tt0299977,Movie,7.9,120,2002,"Adventure, Drama, Action",189381,"2004-08-27","Yimou Zhang"
tt0112573,8,2008-04-17,"Braveheart","Braveheart",https://www.imdb.com/title/tt0112573,Movie,8.3,178,1995,"Biography, Drama, War",1112005,"1995-05-24","Mel Gibson"
tt0209144,10,2008-04-17,"Memento","Memento",https://www.imdb.com/title/tt0209144,Movie,8.4,113,2000,"Thriller, Mystery",1352552,"2001-05-25","Christopher Nolan"
tt0245429,10,2008-04-17,"Spirited Away","Sen to Chihiro no kamikakushi",https://www.imdb.com/title/tt0245429,Movie,8.6,124,2001,"Animation, Family, Mystery, Adventure, Fantasy",882390,"2003-03-28","Hayao Miyazaki"
tt0120863,10,2008-04-17,"The Thin Red Line","The Thin Red Line",https://www.imdb.com/title/tt0120863,Movie,7.6,170,1998,"History, Drama, War",203159,"1999-01-15","Terrence Malick"
